{
 "yolov8n": {
  "overall": {
   "n": 24,
   "mae": 10.166666666666666,
   "bias": -10.166666666666666,
   "bucket_acc": 33.333333333333336,
   "recall": 36.10455919779839,
   "total_gt": 359,
   "total_pred": 115
  },
  "video": {
   "n": 12,
   "mae": 9.416666666666666,
   "bias": -9.416666666666666,
   "bucket_acc": 33.333333333333336,
   "recall": 35.083572553928285,
   "total_gt": 153,
   "total_pred": 40
  },
  "snapshot": {
   "n": 12,
   "mae": 10.916666666666666,
   "bias": -10.916666666666666,
   "bucket_acc": 33.333333333333336,
   "recall": 37.04046362134598,
   "total_gt": 206,
   "total_pred": 75
  }
 },
 "yolov8m": {
  "overall": {
   "n": 24,
   "mae": 7.208333333333333,
   "bias": -7.208333333333333,
   "bucket_acc": 45.833333333333336,
   "recall": 55.06655655771635,
   "total_gt": 359,
   "total_pred": 186
  },
  "video": {
   "n": 12,
   "mae": 6.583333333333333,
   "bias": -6.583333333333333,
   "bucket_acc": 50.0,
   "recall": 58.84976683395655,
   "total_gt": 153,
   "total_pred": 74
  },
  "snapshot": {
   "n": 12,
   "mae": 7.833333333333333,
   "bias": -7.833333333333333,
   "bucket_acc": 41.666666666666664,
   "recall": 51.59861380449616,
   "total_gt": 206,
   "total_pred": 112
  }
 }
}